DT,BA,Type,Expiry,9000,9100,9200,9300,9400,9500,9600,9700,9800,9900,10000,10100,10200,10300,10400,10500,10600,10700,10800,10900,11000,11100,11200,11300,11400,11500,11600,11700,11800,11900,12000,12100,12200,12300,12400,12500,12600,12700
2018-04-02 07:01:00,10264,CE,2018-04-02 17:00:00,1249.95,1158,1051.1,956.05,857.95,763.25,677.8,577.65,492.4,405.35,328.05,252.05,185.1,127.15,80.25,47.25,25.15,12.5,6.2,3.75,3.2,2.4,2,1.45,1,0.9,0.6,0.9,0.9,0.7,0.75,0.65,,,,,,
2018-04-02 07:02:00,10285,CE,2018-04-02 17:00:00,1272.55,1158,1073.1,977.8,875.7,781.7,695.55,600.7,506.85,416.7,339.6,262.85,194.8,134.9,85.25,49.45,26.15,12.6,6.1,3.45,2.95,2.1,1.75,1.3,0.95,0.75,0.6,0.95,0.8,0.7,0.7,0.65,,,,,,
2018-04-02 07:03:00,10146.6,CE,2018-04-02 17:00:00,1139,1049.05,935,840.05,751.7,655.85,564.65,476.5,392.1,310.7,242.1,178.95,124.65,80.5,48.1,27.45,14.65,7.25,4.15,2.6,2.3,1.9,1.6,1.25,1,0.7,0.85,0.85,0.85,0.85,0.65,0.4,,,,,,
2018-04-02 07:04:00,10352.2,CE,2018-04-02 17:00:00,1341.5,1197.7,1142.1,1045.05,916.45,850.75,757.85,655.65,566.9,474.7,388.1,304.15,228.85,161.05,103.75,60.4,31.85,15.05,7,3.55,2.7,2,1.75,1.25,0.95,0.75,0.75,0.6,0.75,0.75,0.65,0.5,,,,,,
2018-04-02 07:05:00,10352.85,CE,2018-04-02 17:00:00,1349.45,1235.75,1162.35,1057.25,965.6,860.8,763.6,664.55,564.2,483.85,387.3,302.7,226.7,157.95,101,57.8,29.9,13.8,6.65,3.5,2.5,1.8,1.6,1.1,1,0.75,0.8,0.8,0.7,0.75,0.75,1,,,,,,
2018-04-02 07:06:00,10393.9,CE,2018-04-02 17:00:00,1387.45,1305.65,1194.3,1083.9,994.5,895.9,794.15,703.35,605.5,510.2,417.05,331.4,249.8,176.75,115.55,67.55,35.5,16.15,7.3,3.65,2.55,1.7,1.45,1.2,1,0.75,0.85,0.45,0.55,0.6,0.75,1,,,,,,
2018-04-02 07:07:00,10421.5,CE,2018-04-02 17:00:00,1415.2,1291.2,1208.35,1113.35,1022.85,915,824,719.95,623.75,532.35,439.6,349.6,264.45,188.35,123,70.65,35.75,15.9,7.35,3.9,2.5,1.8,1.4,0.95,0.9,0.75,0.8,0.4,0.75,0.5,0.75,0.55,,,,,,
2018-04-02 07:08:00,10425,CE,2018-04-02 17:00:00,1416.05,1281.6,1217.3,1114.65,1023.2,921.5,827.65,721.7,634.1,535.85,441.45,350.35,264.3,186.9,120.2,67.7,33.45,15,6.8,3.65,2.4,1.6,1.2,1,0.95,0.7,0.4,0.4,0.75,0.5,0.6,0.3,,,,,,
2018-04-02 07:09:00,10465,CE,2018-04-02 17:00:00,1453.55,1353.8,1253.05,1155.25,1059.8,959.4,862.3,758.4,667.3,571.7,477.5,382.2,293.35,213.5,139.1,80.55,39.85,17.5,7.15,3.3,2.1,1.45,1.2,0.7,0.6,0.55,0.8,0.6,0.7,0.4,0.55,0.3,,,,,,
2018-04-02 07:10:00,10490.4,CE,2018-04-02 17:00:00,1480.2,1386,1279.05,1179.6,1084.35,982,890.1,789,693.25,595,495.75,400.55,308.3,225.9,146.75,84.1,40.7,16.4,6.7,3.05,1.95,1.35,0.95,0.8,0.65,0.55,0.45,0.3,0.6,0.4,0.5,0.3,,,,,,
2018-04-02 07:11:00,10542.9,CE,2018-04-02 17:00:00,1532.75,1398.1,1258.4,1230,1132.3,1030.8,942.5,834.75,739.4,637.1,545.15,449.15,352.5,263.1,176.45,103.15,51.1,20.3,7.2,2.7,1.75,1.1,0.95,0.8,0.6,0.5,0.5,0.3,0.6,0.75,0.45,0.3,,,,,,
2018-04-02 07:12:00,10551.2,CE,2018-04-02 17:00:00,1536.5,1398.1,1346,1241,1139.85,1040,952,843.8,747.6,649.75,553.95,453.5,357.2,266.8,178.15,103.3,48.2,18,6.1,2.3,1.55,0.8,0.7,0.65,0.6,0.4,0.4,0.3,0.3,0.4,0.4,0.4,,,,,,
2018-04-02 07:13:00,10538.85,CE,2018-04-02 17:00:00,1537.15,1427,1326.4,1235.8,1129.2,1026.9,948.85,831.15,731.9,640.8,540.45,437.15,338.1,250.1,164.35,91.7,39.8,12.65,4.2,1.9,1.3,0.95,0.7,0.65,0.6,0.4,0.45,0.6,0.8,0.75,0.4,0.4,,,,,,
2018-04-02 07:14:00,10578.1,CE,2018-04-02 17:00:00,1565.4,1461.25,1364.35,1269,1166.35,1070.95,977.15,872.3,775.7,675.75,582.55,478.05,379.9,286.95,192.3,111,48.2,14.05,3.55,1.15,0.95,0.6,0.5,0.55,0.3,0.35,0.1,0.6,0.25,0.75,0.3,0.4,,,,,,
2018-04-02 07:15:00,10585.5,CE,2018-04-02 17:00:00,1576.8,1479.6,1342.5,1281.25,1180.2,1080.85,975.55,880.6,781.25,679.5,582.5,484.45,380.4,286.85,187.7,101.65,39.05,9,2,0.8,0.7,0.5,0.35,0.35,0.35,0.35,0.5,0.6,0.6,0.2,0.25,0.1,,,,,,
2018-04-02 07:16:00,10585.45,CE,2018-04-02 17:00:00,1580.1,1504.95,1386.5,1281.3,1181.35,1083.85,973.55,898.9,775.8,684.75,579.8,481.05,387.15,287.3,187.75,99.4,34.65,6.6,1.45,0.55,0.55,0.4,0.35,0.45,0.35,0.35,0.25,0.6,0.25,0.2,0.2,0.4,,,,,,
2018-04-02 07:17:00,10617.9,CE,2018-04-02 17:00:00,1611.15,1526,1415.4,1308,1214.8,1110.2,1009.75,910.2,813.6,712.5,610.95,512.9,414,313.6,216.85,120.5,44.25,8.2,1.3,0.65,0.55,0.5,0.4,0.4,0.15,0.35,0.45,0.2,0.4,0.2,0.2,0.35,,,,,,
2018-04-02 07:18:00,10569.05,CE,2018-04-02 17:00:00,1562.55,1463.2,1364.4,1250,1166.15,1062.05,964.6,860.9,763.25,664.25,563.1,464.25,364.7,266.5,169.2,77.1,16.3,1.9,0.55,0.4,0.35,0.25,0.4,0.35,0.25,0.2,0.1,0.15,0.25,0.2,0.1,0.05,,,,,,
2018-04-02 07:19:00,10612.2,CE,2018-04-02 17:00:00,1615.15,1518.3,1410.95,1311.35,1198.6,1112.95,990,907.3,805.95,713.3,608.1,508.45,410.25,307.9,202.25,100.7,8.55,0.05,0.05,0.05,0.05,0.05,0.05,0.05,0.05,0.05,0.05,0.05,0.05,0.05,0.05,0.05,,,,,,
2018-04-02 07:20:00,10723.8,CE,2018-04-02 17:00:00,,1471.25,1503.25,1404.2,1314.25,1212.1,1111.2,1014,915.85,817,725.05,633,541.75,452.45,368.5,290.85,219,154.2,99,58.3,30.95,15.6,7.2,3.3,2.2,1.9,1.25,1,,,,,,,,,,
2018-04-02 07:21:00,10780.3,CE,2018-04-02 17:00:00,,1650,1543.3,1449.5,1350.7,1267.95,1159,1076.1,979.4,873.15,783.8,687.25,591.1,502.1,413.75,329,253.75,183.5,123.3,75.7,41.4,20.85,9.4,4.35,2.65,2.1,1.45,1.25,,,,,,,,,,
2018-04-02 07:22:00,10739.4,CE,2018-04-02 17:00:00,,1651.7,1536.85,1432.65,1338.6,1230.65,1125,1033.4,937.9,836,748.6,647.95,549.95,461.55,376.8,293.4,223.35,159.7,105.7,63.45,34.85,18,9.1,4.4,2.55,2.05,1.5,1.15,,,,,,,,,,
2018-04-02 07:23:00,10706.5,CE,2018-04-02 17:00:00,,1570,1455.15,1376.45,1290,1193.65,1097.5,1001.6,918.95,808.15,708.85,613,522.05,434.1,348.2,270.5,201.4,140.05,89.3,51.15,26.9,13.15,6.75,3.45,2.2,1.8,1.5,1.25,,,,,,,,,,
2018-04-02 07:24:00,10658.75,CE,2018-04-02 17:00:00,,1541.15,1455.15,1346.15,1255,1149.25,1051,955.7,854.45,766.8,668.3,569.9,476.95,392.8,309.85,237.05,172.75,117.35,72.5,41,21.45,10.05,5.25,2.85,2,1.65,1.3,0.85,,,,,,,,,,
2018-04-02 07:25:00,10739.85,CE,2018-04-02 17:00:00,,1584.05,1526.3,1431.2,1306,1228.7,1133.5,1037.05,935.35,844.5,743.2,648.15,552.65,463.15,376.8,296.55,223.3,157.75,102.5,61.8,34.45,17.3,8.5,4.05,2.15,1.55,1.15,0.9,,,,,,,,,,
2018-04-02 07:26:00,10735.05,CE,2018-04-02 17:00:00,,1589.85,1521,1395.55,1327.25,1226.45,1105,1034.95,917,827.9,736.95,641.2,549.5,460.2,373.05,293.9,221.9,157.2,103,62.2,34.95,17.65,8.85,4.3,2.35,1.5,1.2,0.85,,,,,,,,,,
2018-04-02 07:27:00,10769.3,CE,2018-04-02 17:00:00,,1589.85,1552,1468.6,1347,1255.9,1167.5,1074.65,967,876.05,774.45,674.15,581.25,491.65,399.85,320.2,246,177.45,119.25,74.45,41.45,21.05,10.1,4.9,2.65,1.7,1,0.95,,,,,,,,,,
2018-04-02 07:28:00,10724.9,CE,2018-04-02 17:00:00,,1608.65,1509.7,1411.65,1308.8,1217.15,1130.1,1031.1,923.7,824.05,727.55,629.75,539.3,447.7,364.5,284.75,214.25,151.55,99.9,60.1,32.55,16.25,8,4.05,2.3,1.25,1.05,0.9,,,,,,,,,,
2018-04-02 07:29:00,10820.1,CE,2018-04-02 17:00:00,,1650.35,1555,1448.5,1387,1310.35,1210.35,1115.3,1016.5,918.05,819.25,723.4,625.15,531.75,441.25,356.55,276.55,203.2,137.95,84.85,46.05,22.35,10.55,4.85,2.7,1.7,1.4,1.15,,,,,,,,,,
2018-04-02 07:30:00,10814.7,CE,2018-04-02 17:00:00,,1699.5,1606.85,1504.25,1381.7,1306.2,1203.3,1111.45,1008.9,892.75,813.05,722.65,616.45,526.35,435.85,349.85,269.45,194.25,130.4,78.1,41.2,19.8,9.2,4.25,2.4,1.6,1.4,0.95,,,,,,,,,,
2018-04-02 07:31:00,10818.6,CE,2018-04-02 17:00:00,,1693.1,1675,1504.25,1400.1,1308.85,1200,1105.95,1086.25,909.9,814.15,714.45,620.8,525.45,430.35,340.8,257.05,179.25,111.75,62.45,29.5,12.15,4.85,2.3,1.6,1.1,0.75,0.65,,,,,,,,,,
2018-04-02 07:32:00,10761.25,CE,2018-04-02 17:00:00,,1660,1563,1488.6,1344.8,1244.95,1140.4,1065.2,949.25,871.9,754.85,663.2,562.5,466.55,378.2,286.45,205.2,133.4,75.7,37.8,16.95,6.95,3.4,2,1.45,0.85,0.7,0.55,,,,,,,,,,
2018-04-02 07:33:00,10696.2,CE,2018-04-02 17:00:00,,1584.25,1493.15,1426.85,1284.3,1192.75,1103.3,998.25,887.7,798.75,694.75,603.9,501.9,399.95,312.15,230.3,154,92.85,50.25,23.5,9.95,4.5,2.65,1.75,1.45,1.1,0.8,0.65,,,,,,,,,,
2018-04-02 07:34:00,10597.05,CE,2018-04-02 17:00:00,,1489.7,1392,1426.85,1189.4,1090.95,988,892,790,691.75,594.1,495.5,404.45,312.4,228.55,155.2,91.8,48.2,21.8,9.8,4.45,2.65,1.9,1.65,1.4,1.1,1.05,1.05,,,,,,,,,,
2018-04-02 07:35:00,10538.75,CE,2018-04-02 17:00:00,,1489.7,1330.15,1213.05,1134.9,1034.55,936.5,829,731.45,634.95,536.95,439.75,345.4,253.8,172.7,104.7,53.7,23.45,9.45,4.2,2.45,1.75,1.5,1.3,1.25,1.05,1,0.65,,,,,,,,,,
2018-04-02 07:36:00,10552.85,CE,2018-04-02 17:00:00,,1440.45,1330.15,1235,1145.35,1041.7,945,849.15,735,633.2,550.25,453.2,358.2,257.1,172.25,98.5,45.95,16.4,4.5,2.35,1.9,1.5,1.35,1.25,1.35,1.2,0.9,0.75,,,,,,,,,,
2018-04-02 07:37:00,10426.6,CE,2018-04-02 17:00:00,,1440.45,1227.4,1135.05,1019,922.75,822.2,718.35,618.95,519.1,427.8,327.95,239.05,152.65,81.45,37.1,14.35,5.1,2.3,1.85,1.55,1.35,1.25,1.2,1.1,1,0.75,0.6,,,,,,,,,,
2018-04-02 07:38:00,10505.2,CE,2018-04-02 17:00:00,,1440.45,1240,1217.85,1065.95,999.5,897.7,803.1,642,600,504.75,383.5,301.65,210.55,121.15,57.1,19.6,4.5,1.85,1.35,1.05,0.9,0.65,0.65,0.75,0.7,0.45,0.55,,,,,,,,,,
2018-04-02 07:39:00,10602.4,CE,2018-04-02 17:00:00,,1460.7,1419.35,1270,1192.8,1101.5,992.5,895,786.75,721.4,603.25,489.95,403.2,297.65,204.7,117.4,49.05,16,4.4,1.95,1.1,0.8,0.45,0.5,0.55,0.6,0.5,0.55,,,,,,,,,,
2018-04-02 07:40:00,10678.85,CE,2018-04-02 17:00:00,,1582.3,1491,1389.8,1280.6,1172.7,1083.5,982.9,878.35,769.7,672.5,571.85,474.35,375.55,281.7,184.2,96,33.85,8,2.3,1.15,0.65,0.55,0.45,0.5,0.5,0.45,0.4,,,,,,,,,,
2018-04-02 07:41:00,10615.55,CE,2018-04-02 17:00:00,,1587,1413.95,1300,1203,1111.65,1011.05,911.8,810.9,714.25,611.4,510.1,411.2,315.6,216.75,122.7,48.95,12.8,2.95,1.05,0.65,0.55,0.55,0.55,0.55,0.55,0.5,0.3,,,,,,,,,,
2018-04-02 07:42:00,10604.5,CE,2018-04-02 17:00:00,,1491,1384.65,1291.3,1200.6,1087.25,1006.3,913.5,799.35,707,598.6,502.9,389.45,305.8,201.6,104.15,30.65,5.2,1.1,0.6,0.45,0.4,0.4,0.4,0.4,0.4,0.25,0.4,,,,,,,,,,
2018-04-02 07:43:00,10727,CE,2018-04-02 17:00:00,,1635.35,1534,1432.05,1265,1217.3,1102.55,1020.9,926.6,821.65,728.1,625.65,525.6,420.8,322.8,222.45,110.65,20.75,0.15,0.1,0.05,0.1,0.05,0.1,0.05,0.05,0.05,0.05,,,,,,,,,,
2018-04-02 07:44:00,10683.9,CE,2018-04-02 17:00:00,,,1464.7,1363.55,1271,1179.95,1121,991.7,896.55,772.75,686.85,588.65,504.1,423.75,335.1,258.5,187,132.05,86.9,53.55,30.85,16.65,9.25,5.1,3.3,2.8,1.95,1.3,,,,,,,,,,
2018-04-02 07:45:00,10598.7,CE,2018-04-02 17:00:00,,,1387.75,1291.4,1262.75,1089.05,1074.3,904.55,790.25,708,608.9,514.65,427.95,344.2,268.1,198.55,138.65,90.7,55.75,32.5,18.3,9.9,5.9,3.85,2.8,2.4,1.6,1.1,,,,,,,,,,
2018-04-02 07:46:00,10596.45,CE,2018-04-02 17:00:00,,,1399.65,1280,1169.9,1090.25,992,891,790.55,694.3,603.7,515.1,420.3,331.75,254.25,185.95,127.45,80.8,47.8,27.1,15.35,8.15,5,3.25,2.5,2,1.4,1.05,,,,,,,,,,
2018-04-02 07:47:00,10686.25,CE,2018-04-02 17:00:00,,,1427,1353.45,1275.3,1176.35,1034.7,981.95,882.5,780.4,687.5,596.7,496.95,404.85,319.7,241.2,169.7,110,65.1,35.7,18.8,9.3,5.2,3.45,2.6,2.05,1.25,1.05,,,,,,,,,,
2018-04-02 07:48:00,10765.2,CE,2018-04-02 17:00:00,,,1577.55,1475.55,1346.2,1264.5,1161.05,1078,970.55,892.35,764.05,664.85,572.65,478,389.1,298.65,218.9,147.4,90.5,49.1,24.6,11.4,5.9,3.2,2.25,1.8,1.3,1.1,,,,,,,,,,
2018-04-02 07:49:00,10748.1,CE,2018-04-02 17:00:00,,,1504,1411,1331.55,1242.7,1142.05,1043.8,908.05,847.6,747.85,649.2,552.75,458.8,371.85,287.35,210.25,140.75,86.3,47.15,24,11.15,5.7,3.25,2.35,1.8,1.2,0.85,,,,,,,,,,
2018-04-02 07:50:00,10785.8,CE,2018-04-02 17:00:00,,,1504,1488.1,1394.55,1274.65,1174.9,1074.1,973.1,876.8,778.6,683.05,591.35,494.65,402.15,313.05,230.5,158.2,98.95,54.7,27.5,13.2,6.65,3.15,2.2,1.65,1.25,0.9,,,,,,,,,,
2018-04-02 07:51:00,10839.05,CE,2018-04-02 17:00:00,,,1504,1541,1422.65,1334.75,1237,1074.1,1027.45,912,831.1,740.7,635.5,542.95,448.45,353.3,274.85,191.9,122.6,69.65,34.75,15.8,7.2,3.25,2.05,1.6,1.3,1,,,,,,,,,,
2018-04-02 07:52:00,10844.85,CE,2018-04-02 17:00:00,,,1652,1541,1436.65,1332.5,1237,1074.1,1046,952.25,840.05,743.35,640.9,545.3,450.7,360.2,272.95,192.5,124.55,70.35,34.35,15.35,6.8,3,2,1.35,1.2,1.1,,,,,,,,,,
2018-04-02 07:53:00,10813.9,CE,2018-04-02 17:00:00,,,1587,1541,1410.6,1305.15,1178,1105.15,1017.85,917.6,810.05,703.8,609.35,517.5,420.2,330.45,246.7,162.35,97.25,50.7,23.25,9.4,4.05,2.15,1.55,1.2,1.1,0.6,,,,,,,,,,
2018-04-02 07:54:00,10814.65,CE,2018-04-02 17:00:00,,,1559.25,1461.6,1364.8,1302.9,1168.85,1043.4,963.6,862.35,804.45,708.5,612.9,508.55,417.85,325.85,238.1,154.65,91.65,46.1,20.45,7.5,3.15,1.7,1.25,1,1.05,0.6,,,,,,,,,,
2018-04-02 07:55:00,10789.6,CE,2018-04-02 17:00:00,,,1579.65,1461.6,1374.2,1282.5,1168.85,1098.8,963.6,890.3,786.3,684.3,587.95,490.1,393.8,303.4,214.15,135.25,75.95,35.95,14.55,4.9,2.35,1.65,1.3,1.1,1.1,0.6,,,,,,,,,,
2018-04-02 07:56:00,10719.85,CE,2018-04-02 17:00:00,,,1513.95,1419.8,1305,1214.85,1120.1,1019.15,912.6,822.5,712.95,615.75,524.45,424.4,329.3,241.3,160.6,94.3,47.45,19.55,7.35,2.45,1.6,1.15,1.2,1,0.85,0.7,,,,,,,,,,
2018-04-02 07:57:00,10790.65,CE,2018-04-02 17:00:00,,,1565,1465.5,1328,1281.25,1155.55,1059.6,970.35,865.9,783.55,689.15,590.1,490.9,392.55,298.75,208.3,127.95,65.5,26,8.25,2.4,1.4,0.95,0.9,0.85,0.85,0.5,,,,,,,,,,
2018-04-02 07:58:00,10737.15,CE,2018-04-02 17:00:00,,,1560,1465.5,1341.95,1230.5,1141.95,1021.65,922.5,849.45,726.25,624.65,535.85,435.6,336.85,246.3,160.55,87.3,39.15,13.35,4.1,1.6,1.1,0.8,0.8,0.7,0.7,0.4,,,,,,,,,,
2018-04-02 07:59:00,10833.95,CE,2018-04-02 17:00:00,,,1560,1447.7,1430.1,1302.6,1153.5,1070,961.7,905,820.15,724.3,622.85,516.2,423.65,331.3,239.25,147.7,72.2,26.15,7.6,2.15,1.05,0.55,0.65,0.55,0.5,0.4,,,,,,,,,,
2018-04-02 08:00:00,10757.65,CE,2018-04-02 17:00:00,,,1555.25,1447.05,1352.9,1252.6,1165,1064.35,962.1,850.2,757.9,655.95,560.85,453.7,354.5,260.1,166.7,84.35,33.15,10,2.75,0.9,0.6,0.5,0.5,0.45,0.3,0.35,,,,,,,,,,
2018-04-02 08:01:00,10766.9,CE,2018-04-02 17:00:00,,,1554.55,1455,1354.45,1261.45,1165,1087.45,968.6,859.65,764.85,655.6,559,456.25,359.75,264.9,168.05,84.5,28.85,6.5,1.75,0.75,0.6,0.45,0.45,0.45,0.25,0.35,,,,,,,,,,
2018-04-02 08:02:00,10673.45,CE,2018-04-02 17:00:00,,,1461.25,1376,1261.9,1167.55,1075,999.9,880,771,662.1,578.85,468.7,367.25,273.75,174.85,85.15,25.3,4.7,1.1,0.7,0.5,0.45,0.4,0.35,0.35,0.35,0.3,,,,,,,,,,
2018-04-02 08:03:00,10590.4,CE,2018-04-02 17:00:00,,,1373.8,1277.55,1186.45,1082.15,991.1,885.6,783.75,686.7,583.65,481,389.45,289.8,184.25,84.35,3.65,0.1,0.05,0.05,0.05,0.05,0.05,0.05,0.05,0.1,0.1,0.05,,,,,,,,,,
2018-04-02 08:04:00,10694.8,CE,2018-04-02 17:00:00,,,,,,1180.9,1072.05,986.45,889.15,789.5,693.75,600,510.05,421.2,339.3,261.7,191.9,131.3,81.95,47.85,25.45,13.65,7.6,4.7,3.6,2.9,2.6,2.1,1.55,1.25,0.95,0.95,,,,,,
2018-04-02 08:05:00,10658.25,CE,2018-04-02 17:00:00,,,,,,1143.1,1046.6,952.5,850.05,738,658.35,560.05,476.7,393.25,311.95,234.6,169.75,113.05,68.75,38.35,19.6,9.65,5.45,3.15,2.75,2.35,2.15,1.9,1.5,1.35,0.9,0.9,,,,,,
2018-04-02 08:06:00,10723.95,CE,2018-04-02 17:00:00,,,,,,1212.7,1098.25,1004,910.7,815,725.8,630,536.3,442.95,358.95,278.75,205.45,138.95,86,47.95,24,11.3,5.85,3.25,2.75,2.4,2.1,1.9,1.45,1.5,0.9,0.9,,,,,,
2018-04-02 08:07:00,10771.35,CE,2018-04-02 17:00:00,,,,,,1260.4,1159,1065,959.6,863.4,767.15,671.6,577.7,483.3,397.35,312.15,233.15,163,103.55,58.7,29.25,13.65,6.7,3.65,2.8,2.5,2.15,1.9,1.75,1.15,0.95,0.8,,,,,,
2018-04-02 08:08:00,10751.75,CE,2018-04-02 17:00:00,,,,,,1237.55,1152.7,1054,958.35,849.1,748.8,653.35,556.5,462.4,374.05,289.5,213.45,147.35,91.1,50.45,25,11.75,5.9,3.45,2.85,2.6,2.4,1.85,1.4,1.75,1.55,1.4,,,,,,
2018-04-02 08:09:00,10778.4,CE,2018-04-02 17:00:00,,,,,,1265.65,1169.7,1098.5,977.35,901.55,769.15,668.75,576.75,483.6,394.3,308,228.85,159.15,98.2,55.1,27.5,13,6.55,4.4,3.4,3.15,2.75,2.4,2.25,2.15,2.15,1.8,,,,,,
2018-04-02 08:10:00,10859.85,CE,2018-04-02 17:00:00,,,,,,1347,1244.85,1144.8,1045.2,939.35,855.3,759.25,655.6,561.35,464.9,375.55,287.4,207.45,135.65,78.9,39.8,18.35,8.6,5.2,3.7,3.2,2.95,2.15,2,1.9,1.85,1.6,,,,,,
2018-04-02 08:11:00,10947.85,CE,2018-04-02 17:00:00,,,,,,1436.25,1324.25,1247.3,1129.3,1018.8,942.6,845.75,746.2,649.7,554.15,458.2,365.3,277.45,193,122.75,68.6,34.35,16,8.2,4.75,3.6,2.95,2.4,2.05,1.95,2.05,1.8,,,,,,
2018-04-02 08:12:00,10938.6,CE,2018-04-02 17:00:00,,,,,,1428.75,1319.85,1231.35,1127.5,1024,935.85,834.7,735.1,635.75,541.05,451.4,355.2,268.15,187.35,119.6,66.8,32.45,14.85,7.65,4.5,3.65,2.95,2.75,2.45,2.1,2.15,1.95,,,,,,
2018-04-02 08:13:00,11016.25,CE,2018-04-02 17:00:00,,,,,,1500.9,1440,1303.25,1216.7,1115.15,1008.4,901.8,810.35,709,620.65,522.55,427.4,331.35,239.95,162.55,97.85,52.85,26,13.35,7.05,4.6,3.55,2.8,2.75,2.7,2.3,2.2,,,,,,
2018-04-02 08:14:00,11020,CE,2018-04-02 17:00:00,,,,,,1504.85,1426.7,1311,1207.75,1111.3,1022,910.55,821.95,720.4,621.5,525.15,428,330.05,237.6,159.8,94.2,48.4,22.5,10.25,5.05,2.6,2.6,2.2,2.15,1.85,1.75,1.4,,,,,,
2018-04-02 08:15:00,10944.25,CE,2018-04-02 17:00:00,,,,,,1428.35,1426.7,1242.65,1130.6,1035.3,935.1,830,732.45,637.05,550.4,449.5,352,260.6,174.35,103.95,54,24.75,10.95,4.95,3.25,2.35,2.25,2,2,1.85,1.55,1.3,,,,,,
2018-04-02 08:16:00,11023.75,CE,2018-04-02 17:00:00,,,,,,1514,1426.7,1254.65,1209.8,1068,1019.45,919.7,820.4,719.8,625.25,527.95,427.5,331.4,237.6,154,85.95,40.8,17.05,6.15,2.8,1.95,1.8,1.75,1.6,1.6,1.5,1.1,,,,,,
2018-04-02 08:17:00,10978.6,CE,2018-04-02 17:00:00,,,,,,1471.4,1400,1290,1165,1068.15,970.35,864.25,765,665,582.65,484.15,386.45,296,205.45,125.9,65.45,29.15,11.95,4.3,2.15,1.45,1.3,1.3,1.2,1.25,1.2,1,,,,,,
2018-04-02 08:18:00,10973.55,CE,2018-04-02 17:00:00,,,,,,1465.3,1375.45,1260.65,1197.05,1050,964.9,856.9,780,670,567.45,480.3,376.95,286.25,194.8,117.35,58.55,23.45,8.3,2.55,1.9,1.65,1.4,1.4,1.3,1.15,1.2,1,,,,,,
2018-04-02 08:19:00,11024.85,CE,2018-04-02 17:00:00,,,,,,1519.55,1420,1315,1211.4,1114.95,1018.4,914,824.45,717.65,624.8,529.05,428.75,335.3,238.5,152.9,80.7,34.55,12.15,3.3,2.05,1.75,1.75,1.45,1.15,1.35,1.25,1,,,,,,
2018-04-02 08:20:00,11099.4,CE,2018-04-02 17:00:00,,,,,,1594.55,1446.6,1391.05,1295.6,1194.8,1095.5,989.1,890.75,795.2,699.65,599.15,498.1,402.65,301.8,205.9,118.6,50.25,14.25,2.6,1.3,0.95,0.85,0.9,0.8,0.95,0.9,0.4,,,,,,
2018-04-02 08:21:00,11142,CE,2018-04-02 17:00:00,,,,,,1633.1,1525.15,1437.7,1335.2,1244.85,1134.3,1037.5,933.85,836.05,737.25,640.05,544.05,441.8,340.55,241.1,146.5,64.15,17.75,2.7,1.15,0.85,0.85,0.85,0.7,0.65,0.75,0.75,,,,,,
2018-04-02 08:22:00,11136.4,CE,2018-04-02 17:00:00,,,,,,1635.3,1543.3,1445.05,1343,1239,1136.4,1024.65,933.75,840.35,727.8,625.1,529.55,432.35,330.6,231.05,133.8,49.3,9.15,0.65,0.55,0.4,0.4,0.4,0.4,0.45,0.35,0.4,,,,,,
2018-04-02 08:23:00,11161.9,CE,2018-04-02 17:00:00,,,,,,1650.9,1550.65,1453.5,1357.35,1260.1,1152.1,1058.05,960.6,859.85,753.75,657,556.4,459.8,350.55,255.45,153.15,53.15,0.2,0.05,0.05,0.05,0.05,0.05,0.1,0.05,0.05,0.1,,,,,,
2018-04-02 08:24:00,11306.7,CE,2018-04-02 17:00:00,,,,,,,1687.1,1568,1493,1379.7,1298.8,1199.8,1093.1,1001,904.95,805.35,710.35,619.5,533.6,443.05,359.9,281.65,210.55,150.75,100.95,62.85,35.65,19.1,10.45,6.5,4.8,3.4,2.55,2.2,2.05,1.95,2.05,
2018-04-02 08:25:00,11338.5,CE,2018-04-02 17:00:00,,,,,,,1687.1,1568,1551.5,1434.6,1329,1219,1116,1033.6,934.9,838.2,742.6,648.15,557.55,469.15,382.55,301.8,228.15,164.9,111.25,69.35,39.75,20.8,10.9,6.6,4.65,3.25,2.55,2.1,1.8,1.65,1.8,0.05
2018-04-02 08:26:00,11371.6,CE,2018-04-02 17:00:00,,,,,,,1687.1,1568,1554.3,1449.75,1357.3,1216.9,1117,1070,956.85,873.1,770.7,678.6,588.95,497.15,409.65,324.45,247.05,178.6,121.75,75.45,42.45,21.95,10.95,6.15,4.5,2.9,2.5,2.2,1.7,1.7,1.85,0.05
2018-04-02 08:27:00,11374.3,CE,2018-04-02 17:00:00,,,,,,,1687.1,1663.75,1562.4,1449.75,1359.45,1246,1140,1063.9,951,871.95,763.6,684.95,579.75,501.6,405.7,321.55,244.9,178.1,122.15,76.65,42.9,21.75,11,6.3,4.7,3.25,2.6,2.3,1.8,1.5,1.2,0.05
2018-04-02 08:28:00,11282.3,CE,2018-04-02 17:00:00,,,,,,,1684.2,1569.1,1490,1389.9,1272.15,1189.85,1095.15,980,878.05,783.35,689.2,594.4,499.75,413.2,332,250.1,184,126.1,80.35,47,25.2,13,7.2,4.6,3.8,2.75,2.3,2.15,1.7,1.45,1.25,0.05
2018-04-02 08:29:00,11395.75,CE,2018-04-02 17:00:00,,,,,,,1769.65,1669.6,1570.6,1479.85,1374,1242.5,1184.25,1086.9,993.3,891.65,793.05,697.55,604.6,509.65,419.75,333.75,253.6,183.05,123.4,74.75,40.9,20.6,10.25,5.9,4.5,2.85,2.4,2.05,1.95,1.8,1.6,0.05
2018-04-02 08:30:00,11414.25,CE,2018-04-02 17:00:00,,,,,,,1825.4,1690,1570.6,1510,1401.75,1302,1194.85,1103.6,1012.7,910,809.15,711.65,622.35,520.65,434.95,348.8,265.05,192.65,130,79.95,43.65,21.85,10.75,6.3,4.75,3.3,2.65,2.05,1.45,1.55,1.55,0.05
2018-04-02 08:31:00,11418.35,CE,2018-04-02 17:00:00,,,,,,,1825.4,1697.85,1610,1506.9,1406.4,1315,1203.4,1109.5,1012.5,909.6,810.55,720.4,624,527.65,436.1,347.95,266.9,192.95,129.35,77.6,41.8,20.1,9.6,5.65,4.55,3.1,2.45,2.1,1.85,1.65,1.5,0.05
2018-04-02 08:32:00,11467.65,CE,2018-04-02 17:00:00,,,,,,,1825.4,1697.85,1610,1559,1454.4,1365,1256.75,1160.3,1062.45,954.8,859.85,769.5,672.9,575.25,480.9,391.05,306,224,153.8,95.95,53.45,25.95,12,6.5,4.8,2.95,2.25,2.2,1.8,1.85,1.5,1.85
2018-04-02 08:33:00,11487.55,CE,2018-04-02 17:00:00,,,,,,,1871,1778.1,1670,1559,1479.9,1388.15,1277.05,1174.65,1080.2,980.4,883.35,783,686.55,592.8,498.75,407.45,320.7,237.65,165.95,104.05,58,29.2,13.95,7.45,5.1,3,2.65,2.35,2,2,1.5,1.85
2018-04-02 08:34:00,11439.25,CE,2018-04-02 17:00:00,,,,,,,1871,1721.65,1670,1559,1422.55,1352,1229.8,1125.65,1027.9,931.9,830.95,734.25,636.25,544.75,452.25,361.8,275.6,199.6,134.2,79.6,41.8,20.05,9.5,5.4,4.35,2.9,2.4,1.95,1.85,1.95,1.95,1.5
2018-04-02 08:35:00,11381.15,CE,2018-04-02 17:00:00,,,,,,,1777.05,1651.8,1569.05,1501.75,1367.75,1278.5,1174.1,1075.7,972.7,877.95,776.6,678.35,585.45,490.4,399.8,311.5,231.5,158.3,99.6,54.85,26.4,11.75,6.05,3.8,3.4,3.05,2.65,2.45,2.4,1.95,1.95,1.5
2018-04-02 08:36:00,11463.45,CE,2018-04-02 17:00:00,,,,,,,1797.55,1709.45,1569.05,1501.75,1452.95,1344.25,1257.2,1153.75,1059.25,959.2,856.75,760.85,657.95,567.45,473.45,380.25,292.95,212.85,141.7,83.35,42.15,18.45,7.65,4.15,3.75,3.2,2.7,2.4,2.4,2.15,1.55,1.9
2018-04-02 08:37:00,11410.9,CE,2018-04-02 17:00:00,,,,,,,1778.05,1693.55,1600.45,1501.75,1401.6,1344.25,1174.9,1096.3,1009,908.15,801.35,708.65,613.7,517.2,421.95,331.95,247.75,171.35,107,58.1,26.45,10.55,4.65,3.1,2.95,2.2,2.1,1.65,1.9,1.1,1.2,1.5
2018-04-02 08:38:00,11488.45,CE,2018-04-02 17:00:00,,,,,,,1877.2,1780.9,1683.25,1501.75,1481.9,1390.65,1288.35,1184.3,1082,984.3,881.4,781.7,683.45,590.05,499.95,395.75,304.35,220.4,143.3,80.95,38.6,14.85,5.45,3.1,2.9,2.5,2.5,2.35,2.1,1.85,1.95,1.5
2018-04-02 08:39:00,11578.95,CE,2018-04-02 17:00:00,,,,,,,1964,1862.1,1761,1660.4,1570.25,1390.65,1370.25,1264,1165,1074.75,976.3,871.15,773.25,674.95,579.3,480.9,384.35,293.9,203.5,124.6,64.95,27,8.9,3.9,2.9,2.25,2,1.95,1.85,1.7,1.25,1.5
2018-04-02 08:40:00,11586.55,CE,2018-04-02 17:00:00,,,,,,,1964,1872.3,1761,1660.4,1578,1485,1349,1281.3,1185.5,1077.55,977.35,881.75,781.95,682.85,585.75,487.85,388.9,297.1,207.55,124.05,62.45,23.85,7.1,3.2,2.6,2,1.75,1.7,1.7,1.55,1.5,0.8
2018-04-02 08:41:00,11595.4,CE,2018-04-02 17:00:00,,,,,,,1950.7,1851.25,1751.95,1692.95,1588.4,1494,1392,1286.75,1183.4,1085.5,992.4,889.4,786.4,684.85,590.9,488.55,394.9,300.7,210.1,122.5,59.2,20.45,5.4,2.4,1.95,1.4,1.15,1.2,0.9,1,1,0.75
2018-04-02 08:42:00,11571.6,CE,2018-04-02 17:00:00,,,,,,,1950.7,1858,1745.4,1674,1563,1450,1364.3,1255.6,1161.5,1062,964.1,863.95,767.25,664.15,565.65,465.75,366.85,276.8,183.9,98.6,39.9,9.7,2.35,1.6,1.45,1.2,1,0.8,0.6,0.5,0.25,0.75
2018-04-02 08:43:00,11705.35,CE,2018-04-02 17:00:00,,,,,,,2104,2000,1895,1797.4,1694.3,1600.95,1493.05,1393.8,1290.95,1198.2,1096.35,997,899,798.5,698.9,600.4,501.1,402.9,305.7,206,116.3,44.1,9.95,2.05,1.2,0.65,0.7,0.5,0.7,0.45,0.25,2.5
2018-04-02 08:44:00,11752.45,CE,2018-04-02 17:00:00,,,,,,,2135,2034,1943.95,1849.2,1748.95,1627.75,1553.5,1454,1345.1,1256.95,1146.95,1045.5,947.4,839.05,745.55,647.85,546.45,448.7,350.6,251.7,155.6,69,16.6,3.2,1.45,0.9,0.75,0.45,0.6,0.35,0.45,0.5
2018-04-02 08:45:00,11707.1,CE,2018-04-02 17:00:00,,,,,,,2130,2028,1920,1804.15,1700.1,1631,1504.5,1406.9,1305,1209.65,1101.9,997.55,903.8,797.1,706.3,601.65,504.1,399.45,304.4,203.95,106.95,31.6,3.65,0.85,0.6,0.45,0.35,0.4,0.4,0.3,0.35,0.5
2018-04-02 08:46:00,11676.85,CE,2018-04-02 17:00:00,,,,,,,2055.4,1970,1848,1770,1670.5,1570,1470.65,1358.75,1270.45,1164.95,1060.7,969.7,872.4,770.25,669.4,562.6,472.15,371.95,270.6,171.5,71.3,0.55,0.05,0.05,0.1,0.05,0.05,0.05,0.05,0.05,0.05,0.05
2018-04-02 08:47:00,11735.3,CE,2018-04-02 17:00:00,,,,,,,,2009.1,1917.6,1773.8,1714.35,1608,1513,1408.75,1300,1224.95,1124.35,1029.35,929.4,829.75,733.5,638.1,547.35,459.25,370.8,293.4,218.95,155.85,102.7,62.1,34.45,18.2,9.7,5.9,4.35,3.95,3.5,2.95
2018-04-02 08:48:00,11641.75,CE,2018-04-02 17:00:00,,,,,,,,2020,1805,1773.8,1626.9,1568,1488,1347.6,1350,1132.6,1032.2,941.9,844.35,745.7,648.15,554.7,465.2,381.35,298.2,226,163.05,111.2,71.6,42.35,23.65,12.75,7,4.7,3.75,3.65,3.45,2.8
2018-04-02 08:49:00,11573.1,CE,2018-04-02 17:00:00,,,,,,,,1862.2,1792.3,1706.2,1560.3,1465,1365,1260.45,1163.75,1068.5,967.1,870.15,772.1,672.7,584.55,492.8,406.15,322.95,247.5,180.85,123.8,78.75,47.2,26.15,14.5,8.15,5.45,4.5,4.05,3.95,3.7,3
2018-04-02 08:50:00,11518.25,CE,2018-04-02 17:00:00,,,,,,,,1862.2,1660.15,1591.9,1505.1,1340,1275,1207,1052.05,1022.35,918.7,818.2,720.65,624.7,531.1,435,355.5,275.05,203,141.5,90.6,55.1,31.9,17.35,10.25,6.55,5.15,4.75,4.2,3.85,3.8,3.75
2018-04-02 08:51:00,11567.15,CE,2018-04-02 17:00:00,,,,,,,,1866.5,1765.65,1572.75,1539.3,1340,1300.65,1170.1,1152.25,1061.25,985,886.25,764.35,676.65,577.25,488.6,403.8,315.4,239,168.55,110.55,66.6,39.35,20.8,11.2,6.4,5.2,4.75,4.25,4.1,3.7,3
2018-04-02 08:52:00,11632.95,CE,2018-04-02 17:00:00,,,,,,,,1866.5,1823.35,1572.75,1617.7,1533.8,1419.45,1294.15,1228,1136.25,1020.5,932.35,832.4,731.2,635.15,541.75,455.25,364.8,283.85,208.3,143.75,91.35,53.25,28.05,14.8,8,5.9,4.6,4.2,3.8,3.5,3
2018-04-02 08:53:00,11492.7,CE,2018-04-02 17:00:00,,,,,,,,1814.1,1699.2,1590,1479.45,1382,1291.35,1202.05,1085.95,995.85,896.45,789.75,700.7,603.05,515.15,420.55,337.1,256.45,187.85,128.95,82.6,49.5,28.5,15.75,9.3,6,5.6,4.75,4.3,4.25,3.7,2.8
2018-04-02 08:54:00,11336.25,CE,2018-04-02 17:00:00,,,,,,,,1650,1699.2,1590,1323.6,1245,1143.4,1072.45,925,844.45,735.45,639.85,546.5,460.15,375.2,286.85,212.6,149.65,98.65,62.15,36.65,22.15,13.7,8.8,6.4,5.25,4.8,4.35,4.4,4.25,3.75,2.5
2018-04-02 08:55:00,11417.35,CE,2018-04-02 17:00:00,,,,,,,,1712.35,1699.2,1417.3,1403.55,1314.45,1212.25,1040.95,1015.35,914.2,816.65,716.7,618.75,522.2,433.9,340.3,257.85,183.25,122.15,74.85,42.6,22.7,13.1,7.75,5.55,4.7,4.3,3.85,3.75,3.6,3,2.9
2018-04-02 08:56:00,11547.3,CE,2018-04-02 17:00:00,,,,,,,,1820,1699.2,1417.3,1534.55,1314.45,1302.1,1040.95,1142.25,1048.1,948.9,837.2,743.95,649.8,553,455.55,360.85,273.9,194.75,126.15,73.35,37.2,18.05,8.85,5.35,4.45,4.1,3.7,3.35,3.05,2.8,2.7
2018-04-02 08:57:00,11407.7,CE,2018-04-02 17:00:00,,,,,,,,1740,1699.2,1417.3,1402.7,1314.45,1192.6,1103,1004,905.4,803.4,700.25,602.45,519.3,416.4,322.45,242.75,165.65,106.2,61,31.75,14.45,7.35,4.1,3.55,3.25,3,2.85,2.55,2.45,1.95,2.1
2018-04-02 08:58:00,11310.2,CE,2018-04-02 17:00:00,,,,,,,,1680,1699.2,1417.3,1303.05,1255,1108.8,1010,900,810.5,714.65,608.55,518.7,419,326.75,233.85,159.05,99.15,57.3,30,14.95,7.5,4.75,3.3,3.15,3.2,3.2,2.95,2.75,2.8,2.3,1.85
2018-04-02 08:59:00,11272.8,CE,2018-04-02 17:00:00,,,,,,,,1630,1468,1345,1264.4,1144,1058.8,957.7,872,770.9,667.7,565.45,463.8,376.45,279.9,192.1,120.9,66.25,32.9,14.15,6.4,3.85,3.1,2.8,2.7,2.55,2.45,2.35,2.35,2.25,2,2
2018-04-02 09:00:00,11166.35,CE,2018-04-02 17:00:00,,,,,,,,1362,1370,1168,1162.65,1094.35,940,784.35,715,659.55,573.8,459.75,374.75,283.5,198.2,122.95,64.75,30.15,12.95,5.85,3.5,2.75,2.15,1.7,1.55,1.6,1.55,1.5,1.45,1.15,1.2,1
2018-04-02 09:01:00,10997.95,CE,2018-04-02 17:00:00,,,,,,,,1355,1218,1165,997.2,904.7,792.95,715.05,592.15,507.95,430.05,307.05,220.35,141.8,78.3,37.65,15.55,6.5,3.6,2.55,2.25,2.05,1.9,1.8,1.7,1.65,1.6,1.5,1.45,1.3,1.5,1.3
2018-04-02 09:02:00,11086.7,CE,2018-04-02 17:00:00,,,,,,,,1345.85,1251.65,1037.5,1083.45,986.2,888.5,792.1,693.65,583.9,491.1,396.3,296.3,203.65,123.8,60.35,20.5,4.85,2.1,1.4,0.85,0.8,0.7,0.8,0.75,0.75,0.7,0.7,0.6,0.55,0.5,0.55
2018-04-02 09:03:00,11062.45,CE,2018-04-02 17:00:00,,,,,,,,1337,1225,1174,1063.75,945,854.1,762.5,650.55,557.35,457.6,361.7,265.15,165.8,85.65,28.25,5.1,1.25,0.75,0.45,0.35,0.35,0.15,0.35,0.35,0.3,0.3,0.3,0.35,0.35,0.2,0.45
2018-04-02 09:04:00,10974.2,CE,2018-04-02 17:00:00,,,,,,,,1262.25,1166.4,1068.9,969.55,872.55,767.6,661.15,564.1,464.6,368.6,269.4,168,69.45,1,0.1,0.05,0.05,0.05,0.05,0.05,0.05,0.05,0.05,0.05,0.05,0.05,0.05,0.05,0.05,0.05,0.1
2018-04-02 09:05:00,10954.3,CE,2018-04-02 17:00:00,,,,,,1439.9,1332.05,1252.1,1154.35,1059.9,962,871.2,782.95,674.55,605.65,507.25,443.45,352.55,285.9,223.35,167.05,119.8,83.05,54.4,34.25,21.4,12.4,7.4,4.8,3.8,2.8,2.3,2.25,2,1.85,1.4,1.2,1.15
2018-04-02 09:06:00,11061.8,CE,2018-04-02 17:00:00,,,,,,1553.85,1443.15,1359.05,1249.25,1138.5,1068.85,925,870,742.9,673.15,602.25,517.65,433,352.6,278.85,210,151.45,103.9,67.05,40.55,24.45,13.6,8.1,4.95,3.9,3.25,2.6,2.35,2,1.8,1.65,1,1.05
2018-04-02 09:07:00,10893.6,CE,2018-04-02 17:00:00,,,,,,1376.05,1396,1187.4,1082,996.1,901.3,808,726.45,629.6,551.45,466,385.2,316.75,248.6,188.35,135.6,94.65,64.1,41.9,26.3,16.65,9.8,5.8,4,3.1,2.9,2.55,2.1,1.95,2,1.7,1.5,1.05
2018-04-02 09:08:00,10631.25,CE,2018-04-02 17:00:00,,,,,1188.4,1111.9,1057.9,941.95,836.75,837.95,659.1,589.45,503.7,432.15,344.3,281.75,222.7,170.75,122.05,82.55,53.35,33.9,22.15,14.4,9.6,6.85,4.75,4.05,3.45,3.3,2.95,2.35,2.35,1.95,1.9,1.6,1.55,1.75
2018-04-02 09:09:00,10347.15,CE,2018-04-02 17:00:00,,1536.6,1437.1,1337.6,1188.4,829.3,773.2,681.75,565.45,498.5,412.3,331.85,273.95,208.05,164.65,116.1,80.7,53.5,35.2,22.05,15.5,10.7,8.65,7.4,6.65,5.65,4.4,3.65,3.1,3.15,2.95,2.3,2.2,1.8,1.45,1.3,1,1.55
2018-04-02 09:10:00,10379,CE,2018-04-02 17:00:00,,1189.25,1169.2,970.65,981.5,883.2,792.35,687.4,611.15,532.3,444.1,360.8,288.8,217.05,159.5,110.7,72.95,47.1,28.55,17.45,11.8,8.2,6,5.6,5.15,4.9,4.4,4.05,3.9,3.5,3.35,3.25,2.5,2.2,1.25,1.25,1.05,1.55
2018-04-02 09:11:00,10314.4,CE,2018-04-02 17:00:00,,1189.25,1134.3,970.65,981.5,819.25,749.8,644.7,544.85,464.25,384.75,302.9,234.7,172.7,119.45,77.15,46.7,27.6,15.65,9.15,6.9,5.15,4.65,4.5,4.25,4.1,3.9,3.5,3.1,3.2,2.8,2.85,2.2,1.9,1.3,1.2,1.05,0.85
2018-04-02 09:12:00,10465.75,CE,2018-04-02 17:00:00,,1189.25,1253.3,1070,981.5,963.5,840.8,767.5,672.15,591.75,490.75,403.95,323.8,248.1,179.45,122.35,77.8,46.4,26.6,14.3,8.6,5.2,4.2,3.85,3.4,3.2,3.1,2.7,2.6,2.3,2.3,2.1,2.4,1.3,1.15,1.1,0.8,0.9
2018-04-02 09:13:00,10252.05,CE,2018-04-02 17:00:00,,1189.25,1061.55,1070,981.5,763.75,730.5,565.55,493.35,406.4,330.25,256.85,191.35,133.15,86.75,52.4,28.7,16.4,9.45,5.8,4.15,3.45,3.05,2.85,2.75,2.4,2.2,2.15,2,1.95,1.75,1.75,1.55,1.8,0.8,0.75,0.8,0.9
2018-04-02 09:14:00,10486.55,CE,2018-04-02 17:00:00,,1189.25,1280,1118,981.5,977.5,895.75,790.55,689.15,605.3,510.5,418.9,333.95,254.2,186.75,127.5,82.95,50.4,28.4,15,8.1,5.25,4.15,3.45,3.15,2.85,2.65,2.5,2.35,2.25,1.9,1.5,1.25,1.3,0.95,0.85,1,1.05
2018-04-02 09:15:00,10517.45,CE,2018-04-02 17:00:00,,1189.25,1253,1118,981.5,1014.95,889.7,822.55,718.25,627.05,531.6,439.5,350.75,269.35,197.75,135.6,86.65,51.75,27.8,14.25,7.7,4.9,3.7,3,2.6,2.35,2.1,2.05,2.05,1.85,1.45,1.2,1.5,1.45,1.1,0.9,1,0.65
2018-04-02 09:16:00,10589.85,CE,2018-04-02 17:00:00,,1189.25,1253,1118,981.5,1080,973.85,884.65,786.65,684.15,592.8,492.7,401.95,311.9,232.55,161.15,102.75,58.65,29.8,13.85,7.05,4.35,3.3,2.8,2.55,2.25,2.1,2.05,1.85,1.35,1.35,1.2,1.05,1.1,0.8,1,1.45,0.65
2018-04-02 09:17:00,10443.95,CE,2018-04-02 17:00:00,,1189.25,1253,1118,981.5,937.7,935,738.8,645,537.75,451.75,359.4,269.5,186.9,121.15,68.95,36.35,18.35,8.7,4.6,3.15,2.45,2.2,1.8,1.7,1.5,1.45,1.45,1.35,0.8,0.8,0.75,0.75,0.7,0.7,0.6,1.45,0.4
2018-04-02 09:18:00,10303.2,CE,2018-04-02 17:00:00,,1189.25,1253,1118,981.5,802.1,706.5,606.45,511.8,417.05,322.5,233.9,157.6,95.1,50.25,22.9,9.1,5.6,3.85,2.9,2.4,2.1,1.95,1.65,1.7,1.65,1.6,1.15,0.95,0.8,0.9,0.95,1,0.95,0.5,0.55,1.45,0.5
2018-04-02 09:19:00,10231.95,CE,2018-04-02 17:00:00,,1225,1104,1060,981.5,732.3,685,538.3,430.8,330,245.45,168.2,99.1,52.5,22.2,7.8,3.05,2.2,1.65,1.4,1.25,1.1,1.1,0.95,0.95,0.95,0.85,0.8,0.6,0.65,0.65,0.45,0.55,0.55,0.5,0.5,0.35,0.5
2018-04-02 09:20:00,10147.9,CE,2018-04-02 17:00:00,,1225,912.4,822.75,749,645.75,539.4,439.6,361.15,256.2,164.05,97.1,47.8,18.2,5.45,2.5,1.6,1.25,0.95,0.9,0.8,0.65,0.65,0.45,0.65,0.7,0.65,0.6,0.3,0.5,0.6,0.4,0.65,0.5,0.15,0.3,0.15,0.15
2018-04-02 09:21:00,10228.55,CE,2018-04-02 17:00:00,,1100,1004.2,911.75,749,729.2,527.75,516.9,429.2,328.75,224,132,61.15,18.95,4,1.25,0.7,0.5,0.4,0.4,0.3,0.3,0.25,0.15,0.35,0.3,0.4,0.2,0.05,0.2,0.15,0.4,0.25,0.25,0.1,0.15,0.1,0.1
2018-04-02 09:22:00,10121.4,CE,2018-04-02 17:00:00,,1036.65,910.4,805,740,611.6,509.7,417.9,317.15,217.05,115.5,16.1,0.45,0.1,0.1,0.05,0.05,0.05,0.05,0.05,0.05,0.05,0.05,0.05,0.05,0.05,0.05,0.05,0.05,0.05,0.05,0.1,0.15,0.15,0.1,0.1,0.05,0.1
2018-04-02 09:23:00,10054.1,CE,2018-04-02 17:00:00,,1030,870.3,780.25,691.15,623.9,529.5,455.8,390.45,324.55,265.5,211.15,163.75,122,87.85,60.9,40.45,26.2,16.65,11,8.3,6.05,4.8,4.2,3.7,2.95,2.75,2.7,2.55,1.95,1.65,1.8,1.45,1.7,1.8,1.2,1.7,1.2
2018-04-02 09:24:00,10283.95,CE,2018-04-02 17:00:00,,1130.1,1089,780.25,892.15,814.15,730.35,645.9,565.15,488.4,410.35,342.6,275.5,214.75,159.8,115.8,79.45,51.95,32.15,19.55,12.2,7.45,5.2,4.1,3.75,2.95,2.9,2.3,2.4,2.25,1.7,1.8,1.4,1.85,1.5,1.25,1.7,1.2
2018-04-02 09:25:00,10229.25,CE,2018-04-02 17:00:00,,1155.05,1036.1,780.25,850.25,765.15,670.25,595.05,516.8,439.45,371.1,306.4,246.35,191.35,142.15,101.55,68.45,44.4,27.95,17.35,11.35,7.45,5.05,3.65,3.15,2.55,2.55,2.2,2.3,2.1,1.8,1.75,1.5,1.85,1.15,1.45,1.7,1.2
2018-04-02 09:26:00,10398.4,CE,2018-04-02 17:00:00,,1230,1185.65,1075.55,1008.8,917,825.6,741.7,654.9,569.75,490.25,412.05,340.8,271.45,209.2,154.3,107.6,71.1,44.9,27.15,16.4,9.7,6.2,4.1,3.45,2.8,2.7,2.1,2.2,1.9,1.7,1.85,1.95,1.85,1.75,1.35,1.65,1.3
2018-04-02 09:27:00,10413.45,CE,2018-04-02 17:00:00,,1296.4,1208.35,1075.55,1020.3,921.85,834.4,745.5,658.4,567.6,486.05,414.4,339.55,272.2,210.5,153.65,106.8,69.65,43.95,26.05,15.55,9.25,5.75,3.85,2.95,2.5,2.4,1.75,1.8,1.5,1.55,1.45,1.5,1.85,1.75,1.15,1.65,1.3
2018-04-02 09:28:00,10577.05,CE,2018-04-02 17:00:00,,1296.4,1380,1261.95,1172.05,1072.85,979.2,885.15,795.7,701.45,615.6,531.75,446.85,370.15,296.55,229.5,168.75,118.05,79.2,49.2,29.8,17.95,10.7,7,4.75,3.15,2.7,2,1.6,1.7,1.5,1.15,1.35,2.4,1.75,1.2,1.6,1.3
2018-04-02 09:29:00,10550.95,CE,2018-04-02 17:00:00,,1296.4,1340,1219.85,1156.35,1053.95,957.45,849.15,776.2,678.85,594.7,506.55,424.8,345.7,275.8,211.65,154.45,106.95,72.1,45.45,28.2,16.7,9.7,5.9,4.2,3.05,2.55,2.25,1.75,1.6,1.5,0.85,1.2,2.4,1.4,1.2,1.4,0.35
2018-04-02 09:30:00,10554.85,CE,2018-04-02 17:00:00,,1296.4,1348.9,1219.85,1145.5,1052.5,949.35,862.8,768.5,679.2,586.45,499.8,414.25,335.7,263.3,195.8,137.95,91.25,58.1,34.65,20.65,11.5,6.55,4.2,3.2,2.6,2.5,2.7,2.5,2.05,1.4,1.3,0.8,1.1,1.4,0.9,0.65,0.35
2018-04-02 09:31:00,10614.55,CE,2018-04-02 17:00:00,,1296.4,1348.9,1219.85,1145.5,1112.4,1012.45,911.35,824.85,730.9,637.45,549.75,461.3,377.95,298.95,226.5,161.5,108.3,68.65,40.45,23.4,12.95,7.5,4.5,3.15,2.7,2.35,2.25,1.8,1.45,1.4,1.3,0.8,1.1,2,0.9,0.65,0.35
2018-04-02 09:32:00,10623.75,CE,2018-04-02 17:00:00,,1296.4,1422.25,1287.2,1190.1,1117.1,1013.55,932.5,827.1,732.25,639.65,552.45,457.95,375.4,295.6,222.2,156.55,102.4,63.15,35.4,20.15,11,6.4,4.3,3.25,2.3,2.1,2.1,1.6,1.45,1.35,1,1.3,1.1,2,0.9,0.65,0.35
2018-04-02 09:33:00,10503.85,CE,2018-04-02 17:00:00,,1463.45,1302,1287.2,1089.1,1007.45,902.35,803.1,719.75,622.25,533.4,446.9,357.5,282.65,214.55,154.35,102.95,64.7,38.8,21.7,12.65,7.15,4.5,3.05,2.25,1.8,1.75,1.75,1.7,1.45,1.35,1,0.8,0.6,1.25,0.95,1.1,0.35
2018-04-02 09:34:00,10615.95,CE,2018-04-02 17:00:00,,1466.4,1389.1,1295,1145.6,1106.45,1003.4,918.15,815.15,723.3,623.35,538.75,447.6,358.6,281,208.05,143.05,91.1,53.6,29.1,15.8,8.25,4.6,2.8,2.1,1.85,1.65,1.65,1.65,1.4,1.25,1.5,0.6,0.85,1.25,0.95,1.1,0.35
2018-04-02 09:35:00,10605,CE,2018-04-02 17:00:00,,1466.4,1400.5,1295,1187.75,1094.85,990.85,893.7,761.7,707,610.7,525.55,432,345.25,269.1,195.75,133.9,83.9,48.75,25.5,14,7.05,3.95,2.65,1.85,1.75,1.4,1.5,1.5,1.25,1.2,1.15,1,0.8,1.25,0.9,1,0.35
2018-04-02 09:36:00,10630.55,CE,2018-04-02 17:00:00,,1466.4,1400.5,1295,1225.35,1134.35,1013.5,939.95,826.75,727.15,641.65,541.1,451.8,364.65,280.95,206.2,141.4,87.6,49.6,25,12.85,6.15,3.55,2.25,1.85,1.65,1.6,1.6,1.55,1.35,1.45,0.95,0.6,0.8,0.75,0.85,1,0.35
2018-04-02 09:37:00,10687.25,CE,2018-04-02 17:00:00,,1466.4,1465.05,1295,1263.4,1182.15,1081.25,966.75,885.65,795.05,692.7,602.95,500.65,411.35,324.7,240,166.4,104.85,59.95,29.75,14.05,5.75,3.15,2.35,2.05,1.65,1.6,1.6,1.55,1.4,1.35,1.1,0.75,0.6,0.75,1,0.55,0.9
2018-04-02 09:38:00,10768.15,CE,2018-04-02 17:00:00,,1466.4,1465.05,1295,1370.95,1265.6,1165.7,1028.9,968.5,864.35,769.7,668.2,575,485.6,388.65,300.9,217.2,141.8,83.6,41.95,18.15,6.8,3.1,1.95,1.9,1.55,1.3,1.05,1,1.05,1.05,0.75,0.65,0.35,0.75,0.9,1,0.9
2018-04-02 09:39:00,10671.95,CE,2018-04-02 17:00:00,,1466.4,1455,1413,1266.85,1170.6,1064.8,961.45,872.25,768.5,672.8,576.75,480.3,386.95,298.9,212.95,139.7,82,41.85,17.9,7.15,2.75,1.95,1.4,1.3,1.2,1.05,1.05,0.95,0.95,0.9,0.45,0.4,0.6,0.7,0.65,0.85,0.9
2018-04-02 09:40:00,10621.6,CE,2018-04-02 17:00:00,,1466.4,1405.15,1322.55,1210.15,1120.95,1022,946.9,813.45,723.6,618.15,529.3,431.7,339.75,250.3,167.55,103.75,55.3,25.45,10.3,4.45,1.8,1.45,1.35,1.3,1.1,1.1,1.05,0.9,0.75,0.7,0.65,0.6,1.2,0.7,0.65,0.85,0.3
2018-04-02 09:41:00,10524.7,CE,2018-04-02 17:00:00,,1466.4,1375,1273,1104.05,1022.2,913.55,818.3,717.5,638.15,522.75,429.55,331.45,242.4,162.6,92.2,44.2,15.4,5.65,1.95,1.6,1.05,1.05,0.95,0.95,0.8,0.7,0.8,0.45,0.3,0.25,0.55,0.25,0.2,0.7,0.3,0.85,0.25
2018-04-02 09:42:00,10639.2,CE,2018-04-02 17:00:00,,1480,1375,1222.25,1234,1135.4,1034.1,937.05,836.45,723.95,636.7,539.4,438.25,342.95,248.65,158.2,82.7,30.95,8.35,2.1,1.15,0.6,0.5,0.45,0.5,0.45,0.5,0.5,0.4,0.45,0.4,0.4,0.45,0.45,0.7,0.2,0.85,0.25
2018-04-02 09:43:00,10684.85,CE,2018-04-02 17:00:00,,1540,1477.9,1315.55,1233.8,1176.2,1076.05,979,877.1,778,680.3,582.9,481.8,386.65,284.85,190.25,103.85,38.6,8.45,1.5,0.75,0.4,0.35,0.3,0.3,0.3,0.35,0.35,0.25,0.1,0.3,0.3,0.15,0.1,0.7,0.15,0.85,0.05
2018-04-02 09:44:00,10717.9,CE,2018-04-02 17:00:00,,1614,1508,1406,1312.5,1212.4,1101.8,1022,918,813.1,712.2,611.85,516.15,419.25,314,217.55,121.75,43.25,5.45,0.6,0.4,0.25,0.25,0.25,0.25,0.1,0.2,0.15,0.05,0.1,0.2,0.2,0.05,0.05,0.05,0.1,0.1,0.05
2018-04-02 09:45:00,10855.45,CE,2018-04-02 17:00:00,,1749.7,1650.1,1548.7,1457.3,1348.6,1250.5,1149.25,1049.6,948.15,844.5,750.55,649.05,549.45,450.4,349.75,248.5,146.35,50.1,0.2,0.05,0.05,0.05,0.05,0.05,0.05,0.05,0.05,0.05,0.05,0.05,0.05,0.05,0.05,0.05,0.05,0.1,0.05
2018-04-02 09:46:00,10900.65,CE,2018-04-02 17:00:00,,1770,1680,1568.9,1496.65,1390.15,1297.6,1171.1,1095.5,1002.65,908.65,812.95,730.55,644.15,556.95,472.3,397.6,325.15,253.5,193.4,141,94.95,62.1,38,22.65,13.85,8.4,5.7,3.5,2.9,2.4,,,,,,,
2018-04-02 09:47:00,10924,CE,2018-04-02 17:00:00,,1770,1716.85,1568.9,1509,1421.4,1317.95,1210.1,1129.75,1030,928.15,835.1,745.5,653.6,568.85,486.4,410.45,338,268.4,204.9,151.75,106.05,70.55,44.15,26.6,16.2,9.8,6.3,3.95,2.95,2.45,,,,,,,
2018-04-02 09:48:00,10907.75,CE,2018-04-02 17:00:00,,1770,1716.85,1568.9,1509,1402.45,1300.6,1202,1107.7,979.55,915.55,820,727.5,635.85,553.1,470.7,391.35,318.6,252.4,190.25,137.65,93.85,60.55,36.7,21.6,13.35,7.8,5.1,3.4,2.65,2.25,,,,,,,
2018-04-02 09:49:00,10827.65,CE,2018-04-02 17:00:00,,1770,1624.35,1568.9,1509,1325.65,1230.6,1092.75,996.35,928,836.3,738.55,652.65,563.3,482.15,400.05,326.1,256.45,196.5,143.1,98.85,64.15,39.3,22.95,13.15,8.4,5.2,3.25,2.4,2.15,2,,,,,,,
2018-04-02 09:50:00,10626.3,CE,2018-04-02 17:00:00,,1770,1425,1568.9,1509,1123.35,1023.35,958.65,842.9,740.4,653.55,564.2,479.8,399.85,325.95,259.15,198.9,145.6,102.6,69.35,45.55,28.1,17,10,5.9,3.95,3.1,2.45,2,1.6,1.35,,,,,,,
2018-04-02 09:51:00,10735.15,CE,2018-04-02 17:00:00,,1770,1425,1568.9,1509,1228.7,1135.15,1047.3,949.8,836.15,749.7,661.4,570.9,481.05,401.05,323.45,255.8,192.95,139.45,97.75,64.75,41,25.5,14.9,8.6,5.25,3.5,2.4,2.1,1.8,1.4,,,,,,,
2018-04-02 09:52:00,10514.7,CE,2018-04-02 17:00:00,,1770,1303.65,1209.6,1509,1016.85,913.45,816.9,736.1,640.95,563.4,475.2,397.5,325.1,261.05,197.55,143.25,99,65.8,42.95,27.9,17.7,11.3,7.15,4.95,4.05,3.15,2.55,2.05,1.6,1.35,,,,,,,
2018-04-02 09:53:00,10581.1,CE,2018-04-02 17:00:00,,1770,1361.4,1209.6,1157.25,1076.9,982.6,834.65,793.3,701.45,596,511.15,418.2,339.25,261.1,192.45,133.3,85.65,52.3,30.85,19.05,11.85,7.45,4.9,3.45,3,2.45,2.05,1.95,1.55,1.6,,,,,,,
2018-04-02 09:54:00,10783.65,CE,2018-04-02 17:00:00,,1770,1361.4,1209.6,1157.25,1276.15,1172.65,1000.95,981.65,883.7,790.55,692.35,595.55,501.9,408.95,322.6,242.6,171.5,113.8,70.15,41.1,22.85,12.7,7,3.9,2.5,1.9,1.85,1.7,1.8,1.7,,,,,,,
2018-04-02 09:55:00,10824.95,CE,2018-04-02 17:00:00,,1770,1361.4,1209.6,1157.25,1310.95,1215.2,1000.95,1016.05,920.55,828.85,729.55,631.25,529.5,444.4,351.6,268,192.1,126.65,76.8,44.3,22.75,11.1,5.5,3,2.2,1.9,1.8,1.55,1.6,1.55,,,,,,,
2018-04-02 09:56:00,10820.3,CE,2018-04-02 17:00:00,,1770,1361.4,1209.6,1157.25,1310.95,1206.5,1110.6,1003,912.85,817.1,720.9,618.25,524.15,434.6,343.55,258.6,183.45,117.5,69.7,38.25,17.95,8.35,3.75,2.2,1.9,1.75,1.65,1.55,1.4,1.35,,,,,,,
2018-04-02 09:57:00,10910.5,CE,2018-04-02 17:00:00,,1801.3,1361.4,1209.6,1508,1405.1,1304.5,1189.15,1105.95,1006.55,909.45,801.55,705.9,611.5,518.25,426.25,327.2,242.4,161.85,98.5,52.75,24.7,9.95,4.15,2.55,1.9,1.55,1.3,1.15,0.8,1,,,,,,,
2018-04-02 09:58:00,10935.05,CE,2018-04-02 17:00:00,,1801.3,1361.4,1209.6,1508,1424.55,1333.05,1230,1119.9,1023.35,925.65,825.4,733.3,633.65,539.15,443.5,345.65,257.85,173.3,106.8,58,27.75,11.8,5.05,2.9,1.8,1.6,1.25,1,0.9,0.9,,,,,,,
2018-04-02 09:59:00,10986.5,CE,2018-04-02 17:00:00,,1801.3,1361.4,1209.6,1585.5,1484.1,1379.15,1281.55,1172.4,1075.8,983,881.35,783.55,683.6,590.65,492.35,387,300.35,214.3,136.05,75.5,35.2,14.1,5.85,3.2,1.9,1.2,1,1,0.75,1,,,,,,,
2018-04-02 10:00:00,10978.2,CE,2018-04-02 17:00:00,,1801.3,1755,1209.6,1585.5,1461.85,1379.5,1240,1176.95,1078,977.35,879.1,765.1,676.45,580.1,478.55,377.7,287.95,200.45,121.8,64.4,27.75,9.75,3.2,1.4,1,0.95,0.9,0.9,0.95,0.65,,,,,,,
2018-04-02 10:01:00,10767.5,CE,2018-04-02 17:00:00,,1801.3,1755,1209.6,1370,1262.75,1161.6,1092.25,954.6,867.6,764.9,671.6,563.2,475.1,374.4,282.15,192.2,117.5,61.15,28,11.9,4.65,2.35,1.8,1.5,1.5,1.15,1.25,0.85,0.95,0.9,,,,,,,
2018-04-02 10:02:00,10681.9,CE,2018-04-02 17:00:00,,1582,1515,1460,1334.2,1175,1082.6,971.55,872.35,770.7,672.85,577.75,476.75,380.3,281.85,189.7,104.15,45.9,16.4,5.75,2.9,1.7,1.25,1.1,0.95,0.9,0.8,0.8,0.8,0.55,0.75,,,,,,,
2018-04-02 10:03:00,10748.5,CE,2018-04-02 17:00:00,,1630.2,1521.15,1319.35,1333.55,1246.45,1149.05,1008.15,930.55,841.35,750.45,642.85,540.5,444.3,344.65,247.65,149.4,69.65,23.35,5.2,1.4,0.65,0.5,0.4,0.4,0.4,0.3,0.25,0.25,0.4,0.2,,,,,,,
2018-04-02 10:04:00,10783.65,CE,2018-04-02 17:00:00,,1689.2,1576.45,1465.35,1364.65,1280.05,1179.55,1080,979.9,871,769.9,671.55,569,477.6,378.7,279.6,179.7,78.4,1.1,0.1,0.05,0.05,0.05,0.05,0.05,0.05,0.1,0.05,0.05,0.05,0.05,,,,,,,
